ethnic_code,country_iso3
aar,DJI
aar,ERI
aar,ETH
abk,GEO
abk,DEU
abk,RUS
abk,SYR
abk,TUR
abk,UKR
abr,AUS
ace,IDN
ace,MYS
acg,CHN
acg,MMR
ach,SDN
ach,UGA
ada,CAN
ada,DEU
ada,GBR
ada,GHA
ada,TGO
ada,USA
adi,IND
adi,NPL
adj,GEO
adj,TUR
ady,BGR
ady,DEU
ady,IRQ
ady,ISR
ady,JOR
ady,LBY
ady,NLD
ady,RUS
ady,SYR
ady,TUR
ady,USA
afa,BRA
afa,COL
afa,CRI
afa,CUB
afa,DZA
afa,ECU
afa,GBR
afa,HTI
afa,LBY
afa,MEX
afa,MLI
afa,MRT
afa,NIC
afa,PER
afa,TTO
afa,USA
afa,VEN
afa,ZAF
afa,ZWE
afr,BWA
afr,LSO
afr,MWI
afr,SWZ
afr,ZAF
afr,ZMB
afr,ZWE
ahm,BGD
ahm,IND
ahm,IDN
ahm,PAK
ain,JPN
ain,RUS
aja,BEN
aja,TGO
aka,BEN
aka,BFA
aka,CAN
aka,CIV
aka,FRA
aka,GBR
aka,GHA
aka,JAM
aka,LBR
aka,MLI
aka,NGA
aka,SUR
aka,TGO
aka,USA
aku,GMB
alb,ALB
alb,CAN
alb,CHE
alb,DEU
alb,DNK
alb,GBR
alb,GRC
alb,HRV
alb,ITA
alb,MKD
alb,MTN
alb,NLD
alb,NOR
alb,ROM
alb,SRB
alb,SWE
alb,TUR
alb,UKR
alb,USA
ale,RUS
ale,USA
alg,USA
alt,RUS
alu,COD
alu,UGA
amb,IDN
ame,LBR
amh,CAN
amh,DJI
amh,EGY
amh,ERI
amh,ETH
amh,ISR
amh,NOR
amh,SDN
amh,SOM
amh,SWE
amh,USA
amh,YEM
anp,IND
anp,NPL
apa,USA
ara,DZA
ara,EGY
ara,ISR
ara,IRN
ara,IRQ
ara,JOR
ara,KWT
ara,LBN
ara,LBY
ara,MAR
ara,MLI
ara,SAU
ara,SDN
ara,SOM
ara,SYR
ara,TCD
ara,TUN
ara,USA
ara,YEM
arg,ESP
arm,ARG
arm,ARM
arm,AUS
arm,AZE
arm,BRA
arm,CAN
arm,CYP
arm,FRA
arm,GEO
arm,GRC
arm,LBN
arm,POL
arm,RUS
arm,SYR
arm,TUR
arm,UKR
arm,USA
arn,ARG
arn,CHL
arp,USA
arw,COL
arw,GUY
arw,SUR
arw,VEN
asa,AUS
asa,CHN
asa,GBR
asa,JPN
asa,KOR
asa,LAO
asa,MMR
asa,PRK
asa,THA
asa,UGA
asa,USA
asa,VNM
asa,ZAF
asm,IND
ast,ESP
asy,AUS
asy,BEL
asy,CAN
asy,CHE
asy,DEU
asy,DNK
asy,FRA
asy,IRN
asy,IRQ
asy,ITA
asy,JOR
asy,LBN
asy,NLD
asy,RUS
asy,SWE
asy,TUR
asy,USA
ata,CHL
atg,ARG
atg,AUS
atg,BOL
atg,BRA
atg,CAN
atg,CHE
atg,CHL
atg,DEU
atg,ESP
atg,FRA
atg,GBR
atg,ISR
atg,ITA
atg,JPN
atg,MEX
atg,PER
atg,PRY
atg,URY
atg,USA
atg,VEN
ath,CAN
ath,USA
aus,AUS
auu,AUS
auu,AUT
auu,ARG
auu,CAN
auu,CHE
auu,CZE
auu,DEU
auu,GBR
auu,GRC
auu,HUN
auu,ITA
auu,NZL
auu,SWE
auu,USA
auu,ZAF
ava,AZE
ava,GEO
ava,RUS
awa,IND
aym,BOL
aym,CHL
aym,PER
aze,AUT
aze,AZE
aze,BLR
aze,CAN
aze,DEU
aze,GBR
aze,IRN
aze,KAZ
aze,KGZ
aze,LVA
aze,NLD
aze,RUS
aze,TUR
aze,UKR
aze,USA
aze,UZB
bad,CAN
bad,GBR
bad,SWE
bad,UGA
bad,ZAF
bad,USA
bai,CMR
bak,BLR
bak,KAZ
bak,KGZ
bak,RUS
bak,TJK
bak,UKR
bak,UZB
bal,AFG
bal,ARE
bal,IRN
bal,OMN
bal,PAK
bam,BFA
bam,GIN
bam,MLI
bam,NER
bam,SEN
ban,IDN
baq,ARG
baq,CHL
baq,CRI
baq,CUB
baq,BOL
baq,BRA
baq,ESP
baq,FRA
baq,MEX
baq,URY
baq,USA
baq,VEN
bar,SDN
bas,CMR
bas,UGA
bda,BGD
bda,IND
bda,MMR
bej,EGY
bej,ERI
bej,SDN
bel,ARG
bel,BEL
bel,BLR
bel,BRA
bel,CAN
bel,EST
bel,GBR
bel,ISR
bel,KAZ
bel,LTU
bel,LVA
bel,MDA
bel,POL
bel,RUS
bel,UKR
bel,USA
bem,ZMB
ben,BGD
ben,GBR
ben,IND
ben,NPL
ben,MMR
ben,MYS
ben,PAK
ben,SWE
ben,THA
ben,USA
ber,CAN
ber,DZA
ber,EGY
ber,LBY
ber,MAR
ber,MLI
ber,NER
ber,TUN
ber,USA
bey,DZA
bey,LBY
bey,MRT
bey,MAR
bey,TUN
bho,FJI
bho,GUY
bho,IND
bho,MUS
bho,NPL
bho,SUR
bho,TTO
bih,BGD
bih,FJI
bih,GBR
bih,GUY
bih,IND
bih,MUS
bih,NPL
bih,PAK
bih,SUR
bih,TTO
bih,USA
bii,CHN
bik,PHL
bin,NGA
bis,VUT
bke,COD
bke,COG
bke,GAB
bkn,AGO
bkn,COD
bkn,COG
bkw,CMR
bla,CAN
blg,CHN
blg,MMR
blg,THA
blk,KAZ
blk,RUS
bln,GMB
bln,GNB
bln,SEN
bmr,AUS
bmr,GBR
bmr,MMR
bmr,THA
bmr,SGP
bmr,MYS
bmr,GBR
bmr,AUS
bmr,USA
bni,ETH
bnt,AGO
bnt,CMR
bnt,COD
bnt,NAM
bnt,TZA
bnt,ZAF
bnt,ZMB
bny,COD
bny,UGA
bod,IND
bol,BOL
bol,CHL
bol,PER
bol,PRY
bon,CHN
bos,AUS
bos,AUT
bos,BEL
bos,BIH
bos,DEU
bos,DNK
bos,HRV
bos,ITA
bos,MKD
bos,MTN
bos,NOR
bos,SRB
bos,SVN
bos,SWE
bos,TUR
bos,USA
bou,CHN
bou,VNM
bra,IND
brb,BEN
bre,CAN
bre,FRA
brh,AFG
brh,IRN
brh,PAK
brk,JPN
brm,IND
brm,NPL
bsh,BWA
bsh,NAM
bsh,ZAF
bst,NAM
bsu,BWA
bsu,NAM
bsu,ZMB
bte,CMR
bte,COG
bte,GAB
bte,GNQ
bte,STP
btk,IDN
bua,KAZ
bua,MNG
bua,RUS
bua,UZB
bua,UKR
bug,IDN
bug,MYS
bug,SGP
bul,ALB
bul,ARE
bul,AUT
bul,BEL
bul,BGR
bul,CAN
bul,CZE
bul,DEU
bul,ESP
bul,FRA
bul,GBR
bul,GRC
bul,HUN
bul,ITA
bul,KAZ
bul,MDA
bul,PRT
bul,ROM
bul,RUS
bul,SRB
bul,TUR
bul,UKR
bul,ZAF
byn,ERI
cab,AGO
cad,USA
cap,CPV
cap,GNB
car,BRA
car,GUY
car,SUR
car,VEN
cat,AND
cat,ARG
cat,CHL
cat,CUB
cat,DEU
cat,ESP
cat,FRA
cat,ITA
cat,MEX
cat,VEN
ceb,PHL
cha,FSM
cha,MNP
cha,USA
chc,RUS
che,AZE
che,EGY
che,GEO
che,IRN
che,IRQ
che,JOR
che,KAZ
che,RUS
che,SYR
che,TUR
chg,UZB
chi,AUS
chi,BRA
chi,CAN
chi,CHN
chi,ESP
chi,FRA
chi,GBR
chi,IDN
chi,IND
chi,ITA
chi,KHM
chi,KOR
chi,LAO
chi,MMR
chi,MYS
chi,NLD
chi,NZL
chi,PER
chi,PHL
chi,PRK
chi,SGP
chi,THA
chi,USA
chi,VNM
chi,ZAF
chk,FSM
chl,ARG
chl,BRA
chl,CHL
chl,DEU
chl,ESP
chl,FRA
chl,SWE
chl,USA
chl,VEN
chm,RUS
chn,USA
cho,USA
chp,CAN
chr,USA
cht,GTM
cht,HND
chv,BLR
chv,KAZ
chv,KGZ
chv,MDA
chv,RUS
chv,TKM
chv,UZB
chw,MWI
chy,USA
cmc,FRA
cmc,KHM
cmc,LAO
cmc,MYS
cmc,THA
cmc,USA
cmc,VNM
col,ARG
col,AUS
col,BRA
col,CAN
col,COL
col,CRI
col,ESP
col,GBR
col,ISR
col,ITA
col,MEX
col,USA
col,VEN
cor,AUS
cor,CAN
cor,GBR
cor,MEX
cor,NZL
cor,USA
cor,ZAF
cos,FRA
cot,MDG
cpe,BLZ
cpe,JAM
cpe,NGA
cpe,SLE
cpf,DMA
cpf,GLP
cpf,HTI
cpf,LCA
cpf,MTQ
cpf,TTO
cpp,CPV
cpp,GMB
cpp,GNB
cpp,GNQ
cpp,SEN
cpp,STP
cre,CAN
cre,USA
crh,BGR
crh,ROM
crh,TUR
crh,UKR
crh,UZB
crp,BLZ
crp,CPV
crp,DMA
crp,GLP
crp,GMB
crp,GNB
crp,GNQ
crp,HTI
crp,JAM
crp,LCA
crp,MTQ
crp,NGA
crp,SEN
crp,SLE
crp,STP
crp,TTO
csb,CAN
csb,DEU
csb,POL
csr,CRI
csr,NIC
csr,PAN
cus,EGY
cus,KEN
cus,SDN
cus,SOM
cus,TZA
cze,ARG
cze,AUS
cze,AUT
cze,BRA
cze,CAN
cze,CHE
cze,CZE
cze,DEU
cze,ESP
cze,FRA
cze,GBR
cze,HRV
cze,ISR
cze,IRL
cze,ITA
cze,MEX
cze,NLD
cze,POL
cze,ROM
cze,RUS
cze,SRB
cze,SVK
cze,SVN
cze,SWE
cze,UKR
cze,USA
cze,ZAF
dai,CHN
dai,LAO
dai,THA
dak,USA
dal,BGD
dal,IND
dal,LKA
dal,NPL
dal,PAK
dam,NAM
dan,AUS
dan,AUT
dan,BRA
dan,CAN
dan,CHE
dan,DEU
dan,DNK
dan,ESP
dan,FRA
dan,GBR
dan,IRL
dan,ISL
dan,NOR
dan,NZL
dan,SWE
dan,USA
dao,CHN
dao,LAO
dao,THA
dao,VNM
dar,RUS
dau,CHN
day,BRN
day,IDN
day,MYS
del,CAN
del,USA
dgr,CAN
din,SDN
div,MDV
dje,NER
doi,IND
doi,PAK
dom,DOM
dom,HTI
dom,USA
don,CHN
don,VNM
dox,CHN
dra,IND
dra,LKA
dra,PAK
dru,AUS
dru,CAN
dru,ISR
dru,JOR
dru,LBN
dru,SYR
dru,USA
dru,VEN
dsb,DEU
dua,CMR
dut,AUS
dut,CAN
dut,BEL
dut,BRA
dut,NLD
dut,NZL
dut,USA
dut,ZAF
dyu,BFA
dyu,GNB
dyu,MLI
dyu,SEN
dzo,BTN
dzo,IND
eat,IDN
eat,TMP
ecu,CHL
ecu,COL
ecu,ECU
ecu,ESP
ecu,PER
ecu,PRY
ecu,USA
ecu,VEN
efi,CMR
efi,NGA
ein,MYS
ein,TTO
eka,NGA
eng,CAN
eng,GBR
eng,IRL
eng,NZL
eng,ZAF
esh,GAB
est,BEL
est,CAN
est,EST
est,FIN
est,GBR
est,IRL
est,LVA
est,NOR
est,RUS
est,SWE
est,UKR
est,USA
eur,ZWE
eve,CHN
eve,RUS
ewe,BEN
ewe,GHA
ewe,TGO
ewo,CMR
fan,COG
fan,GAB
fan,GNQ
fao,DNK
fao,ISL
fao,NOR
fat,GHA
fij,AUS
fij,FJI
fij,GBR
fij,NZL
fij,USA
fil,ARE
fil,AUS
fil,CAN
fil,CHN
fil,ESP
fil,ISR
fil,ITA
fil,JPN
fil,KOR
fil,KWT
fil,MYS
fil,NGA
fil,NLD
fil,NOR
fil,NZL
fil,PAK
fil,PHL
fil,QAT
fil,SAU
fil,USA
fin,ARE
fin,AUS
fin,CAN
fin,CHE
fin,DEU
fin,DNK
fin,ESP
fin,EST
fin,FIN
fin,FRA
fin,NLD
fin,NOR
fin,RUS
fin,SWE
fin,USA
fiu,CAN
fiu,EST
fiu,FIN
fiu,HUN
fiu,NZL
fiu,ROM
fiu,RUS
fiu,SVK
fiu,SWE
fiu,USA
fon,BEN
fon,NGA
fre,BEL
fre,BRA
fre,CAN
fre,CHE
fre,FRA
fre,GBR
fre,USA
fri,BGD
fri,BTN
fri,IND
fri,NPL
frr,DEU
fru,SDN
ful,BEN
ful,BFA
ful,CAF
ful,CIV
ful,CMR
ful,GIN
ful,GMB
ful,GNB
ful,LBR
ful,MRT
ful,NER
ful,NGA
ful,SDN
ful,SEN
ful,SLE
ful,TCD
ful,TGO
fur,ITA
gar,BLZ
gar,GTM
gar,HND
gar,NIC
gay,IDN
gba,CAF
gba,CMR
gba,COD
gba,COG
gel,CHN
geo,ARM
geo,AZE
geo,BRA
geo,CAN
geo,FRA
geo,GBR
geo,GEO
geo,GRC
geo,ISR
geo,ITA
geo,KAZ
geo,RUS
geo,SGP
geo,TUR
geo,UKR
geo,USA
ger,ARG
ger,AUS
ger,AUT
ger,BEL
ger,BOL
ger,BRA
ger,CAN
ger,CHE
ger,CZE
ger,DEU
ger,DNK
ger,ECU
ger,ESP
ger,FRA
ger,GBR
ger,GRC
ger,HUN
ger,ISR
ger,ITA
ger,KAZ
ger,NAM
ger,NOR
ger,POL
ger,ROM
ger,RUS
ger,URY
ger,ZAF
gia,VNM
gil,FJI
gil,KIR
gil,MHL
gil,NRU
gil,SLB
gil,TUV
gil,VUT
gin,CHN
gio,CIV
gio,LBR
gla,GBR
gla,IRL
gle,ARG
gle,AUS
gle,CAN
gle,GBR
gle,IRL
gle,MEX
glg,AND
glg,ARG
glg,BRA
glg,CHE
glg,CUB
glg,DEU
glg,ESP
glg,FRA
glg,GBR
glg,MEX
glg,NLD
glg,PRT
glg,URY
glg,USA
glg,VEN
glv,GBR
glv,USA
gon,IND
gor,IDN
gra,CMR
grb,CIV
grb,LBR
gre,ALB
gre,ARG
gre,AUS
gre,BEL
gre,BRA
gre,CAN
gre,CHE
gre,CYP
gre,DEU
gre,FRA
gre,GBR
gre,GER
gre,GRC
gre,KAZ
gre,ROM
gre,RUS
gre,SWE
gre,UKR
gre,USA
gre,UZB
grn,ARG
grn,BOL
grn,BRA
grn,PRY
gsw,AUT
gsw,CHE
gsw,DEU
gsw,ITA
gua,BLZ
gua,CRI
gua,GTM
gua,HND
gua,MEX
gua,NIC
gua,USA
guj,AUS
guj,CAN
guj,GBR
guj,IND
guj,KEN
guj,MDG
guj,MUS
guj,MWI
guj,MYS
guj,SGP
guj,TTO
guj,TZA
guj,UGA
guj,USA
guj,ZAF
gun,GHA
gwi,CAN
gwi,USA
had,TCD
hai,CAN
hai,USA
har,ETH
hat,DOM
hat,ESP
hat,FRA
hat,HTI
hat,USA
hau,BEN
hau,BFA
hau,CIV
hau,CMR
hau,ERI
hau,GHA
hau,NER
hau,NGA
hau,SDN
hau,TCD
hau,TGO
haw,USA
haz,AFG
haz,PAK
her,AGO
her,BWA
her,NAM
hgh,MDG
hgh,THA
hil,PHL
him,IND
hmn,AUS
hmn,CAN
hmn,CHN
hmn,DEU
hmn,FRA
hmn,LAO
hmn,THA
hmn,USA
hmn,VNM
hmo,PNG
hni,CHN
hni,VNM
hoa,VNM
hon,GTM
hon,HND
hon,MEX
hon,SLV
hon,USA
hrt,MRT
hrt,MAR
hrv,ARG
hrv,AUS
hrv,AUT
hrv,BIH
hrv,CAN
hrv,CHE
hrv,CHL
hrv,DEU
hrv,DNK
hrv,FRA
hrv,HRV
hrv,HUN
hrv,ITA
hrv,MTN
hrv,NOR
hrv,ROM
hrv,SRB
hrv,SVN
hrv,SWE
hrv,USA
hrv,ZAF
hsb,DEU
hui,CHN
hun,BRA
hun,CAN
hun,CHL
hun,CZE
hun,GBR
hun,HRV
hun,HUN
hun,IRL
hun,MKD
hun,ROM
hun,RUS
hun,SRB
hun,SVK
hun,SVN
hun,TUR
hun,UKR
hun,USA
hup,USA
hut,BDI
hut,COD
hut,RWA
iba,IDN
ibo,CMR
ibo,GBR
ibo,GHA
ibo,GNQ
ibo,JAM
ibo,JPN
ibo,NGA
ibo,SLE
ibo,TTO
ibo,USA
ice,CAN
ice,ISL
ice,NOR
ice,USA
idg,PHL
idg,MEX
idg,COL
idg,ECU
idg,LBR
idg,CAN
idg,USA
idn,ARE
idn,AUS
idn,BHR
idn,CAN
idn,FRA
idn,GBR
idn,GUY
idn,IND
idn,KWT
idn,MMR
idn,MUS
idn,NPL
idn,SGP
idn,OMN
idn,SAU
idn,USA
idn,TTO
idn,ZAF
iii,CHN
ijo,NGA
iku,CAN
ilo,PHL
ilo,USA
ind,ARE
ind,AUS
ind,CAN
ind,IDN
ind,JPN
ind,KOR
ind,MYS
ind,NLD
ind,PHL
ind,SAU
ind,SGP
ind,SUR
ind,USA
inh,KAZ
inh,RUS
inh,TUR
ipk,CAN
ipk,USA
ira,ARE
ira,AUS
ira,AUT
ira,CAN
ira,CHE
ira,BHR
ira,DEU
ira,DNK
ira,ESP
ira,FRA
ira,GBR
ira,IRN
ira,ISR
ira,ITA
ira,JPN
ira,KWT
ira,MYS
ira,NLD
ira,NOR
ira,PHL
ira,RUS
ira,TUR
ira,SWE
ira,USA
iro,CAN
iro,USA
ita,AUT
ita,CHE
ita,DEU
ita,ESP
ita,FRA
ita,HRV
ita,ITA
ita,SVN
ita,USA
jav,IDN
jav,MYS
jav,NLD
jav,SUR
jew,ARG
jew,CAN
jew,ISR
jew,IRN
jew,POL
jew,RUS
jew,USA
jin,CHN
jol,GMB
jol,GNB
jol,SEN
jpn,ARG
jpn,AUS
jpn,BOL
jpn,BRA
jpn,CAN
jpn,CHL
jpn,CHN
jpn,DEU
jpn,FSM
jpn,GBR
jpn,IDN
jpn,ITA
jpn,JPN
jpn,KOR
jpn,MEX
jpn,NZL
jpn,PER
jpn,PHL
jpn,PRY
jpn,SGP
jpn,THA
jpn,USA
jpn,VNM
kaa,KAZ
kaa,RUS
kaa,TKM
kaa,TUR
kaa,UZB
kab,CAN
kab,DZA
kab,FRA
kab,USA
kac,CHN
kac,IND
kac,MMR
kad,MYS
kak,UGA
kal,DNK
kam,KEN
kan,IND
kao,COD
kao,ZMB
kar,MMR
kar,THA
kas,GBR
kas,IND
kas,PAK
kau,CMR
kau,NER
kau,NGA
kau,TCD
kav,NAM
kaz,CHN
kaz,DEU
kaz,IRN
kaz,KAZ
kaz,KGZ
kaz,MNG
kaz,RUS
kaz,TKM
kaz,UKR
kaz,UZB
kbd,GEO
kbd,JOR
kbd,RUS
kbd,TUR
kby,TGO
kch,KAZ
kch,RUS
kch,SYR
kch,TUR
kch,USA
kha,IND
khi,NAM
khi,ZAF
khk,RUS
khm,AUS
khm,BEL
khm,CAN
khm,FRA
khm,KHM
khm,KOR
khm,LAO
khm,MYS
khm,NZL
khm,THA
khm,USA
khm,VNM
khu,CHN
khu,LAO
khu,MMR
khu,THA
khu,USA
khu,VNM
kik,KEN
kin,COD
kir,CHN
kir,KGZ
kir,RUS
kir,TJK
kir,TUR
kir,UKR
kir,UZB
kis,KEN
kmb,AGO
kno,SLE
kok,IND
kom,RUS
kon,AGO
kon,COD
kon,COG
kor,ARG
kor,AUS
kor,BRA
kor,CAN
kor,CHN
kor,DEU
kor,FRA
kor,GBR
kor,IDN
kor,IND
kor,JPN
kor,KAZ
kor,KGZ
kor,KHM
kor,KOR
kor,MYS
kor,NZL
kor,PHL
kor,PRK
kor,RUS
kor,SGP
kor,THA
kor,UKR
kor,USA
kor,UZB
kor,VNM
kos,FSM
kou,COG
kpe,GHA
kpe,LBR
krh,LBR
krl,BLR
krl,EST
krl,FIN
krl,RUS
krm,UGA
kro,CIV
kro,LBR
kru,BGD
kru,IND
kua,AGO
kua,NAM
kum,RUS
kur,ARM
kur,AZE
kur,DEU
kur,FRA
kur,GBR
kur,IRN
kur,IRQ
kur,ISR
kur,LBN
kur,NLD
kur,SWE
kur,SYR
kur,TKM
kur,TUR
kut,CAN
kut,USA
lak,RUS
lam,BEN
lam,TGO
lao,CHN
lao,KHM
lao,LAO
lao,MMR
lao,MYS
lao,THA
lao,VNM
lar,COG
lav,BRA
lav,CAN
lav,DEU
lav,ESP
lav,EST
lav,GBR
lav,IRL
lav,KAZ
lav,LTU
lav,LVA
lav,NOR
lav,NZL
lav,RUS
lav,SWE
lav,UKR
lav,USA
lba,CMR
lba,SLE
len,HND
len,SLV
lez,AZE
lez,RUS
lgb,COD
lgb,UGA
lhu,CHN
lhu,LAO
lhu,MMR
lhu,THA
lhu,VNM
lii,CHN
lim,BEL
lim,DEU
lim,NLD
lin,COD
lin,COG
lit,AUT
lit,BLR
lit,BRA
lit,CAN
lit,DEU
lit,ESP
lit,FRA
lit,IRL
lit,ISL
lit,LTU
lit,LVA
lit,POL
lit,RUS
lit,USA
lit,ZAF
lol,COD
lom,MOZ
lom,MWI
lov,AGO
lov,ZAM
loz,AGO
loz,BWA
loz,NAM
loz,ZMB
lsu,CHN
lsu,IND
lsu,MMR
lsu,THA
ltk,SDN
ltn,CAN
ltn,USA
ltz,ARG
ltz,BEL
ltz,BRA
ltz,FRA
ltz,LUX
ltz,USA
lua,COD
lub,COD
luh,KEN
luh,TZA
luh,UGA
lui,USA
lul,COD
lun,AGO
lun,COD
lun,ZMB
luo,COD
luo,ETH
luo,KEN
luo,SDN
luo,TZA
luo,UGA
lus,BGD
lus,IND
lus,MMR
mac,ALB
mac,AUS
mac,BEL
mac,BIH
mac,CHE
mac,CZE
mac,DEU
mac,DNK
mac,FRA
mac,GBR
mac,GRC
mac,HRV
mac,HUN
mac,ITA
mac,MKD
mac,NOR
mac,SRB
mac,SVK
mac,SVN
mac,SWE
mac,TUR
mac,USA
mad,IDN
maf,IDN
maf,NAM
mag,IND
mah,MHL
mah,NRU
mai,IND
mai,NPL
mak,IDN
mal,AUS
mal,CAN
mal,IND
mal,PAK
mal,SAU
mal,THA
mal,USA
mal,ZAF
man,BFA
man,CIV
man,GIN
man,GNB
man,LBR
man,MLI
man,MRT
man,NER
man,SEN
man,SLE
man,TCD
mao,AUS
mao,CAN
mao,GBR
mao,NZL
mao,USA
mar,AUS
mar,IND
mar,ISR
mar,MUS
mar,USA
mas,KEN
mas,TZA
may,BRN
may,IDN
may,MYS
may,SGP
may,THA
mba,CAF
mba,COD
mba,COG
mbe,COG
mbe,GAB
mbk,CAF
mbk,COD
mbo,COG
mbu,AGO
mdf,RUS
mdh,NPL
mdi,SDN
mdi,UGA
mdr,IDN
men,SLE
mia,CHN
mia,FRA
mia,LAO
mia,THA
mia,VNM
mic,CAN
mic,USA
mij,KEN
mij,SOM
mij,TZA
min,IDN
min,MYS
miz,BGD
miz,IND
miz,MMR
mla,HTI
mld,GHA
mlg,MDG
mlo,CHN
mlt,AUS
mlt,CAN
mlt,GBR
mlt,MLT
mlt,USA
mnc,CAN
mnc,CHN
mnc,JPN
mnc,PRK
mnc,RUS
mnc,USA
mnd,BEN
mnd,BFA
mnd,CIV
mnd,GHA
mnd,GIN
mnd,GMB
mnd,GNB
mnd,LBR
mnd,MLI
mnd,MRT
mnd,NER
mnd,NGA
mnd,SEN
mnd,SLE
mnd,TCD
mng,MWI
mnh,IDN
mni,IND
mnj,GMB
mnj,GNB
mnj,SEN
mnn,LBR
mno,PHL
mns,MMR
mns,THA
mny,MOZ
mny,ZWE
moh,PAK
moh,USA
mok,MOZ
mok,TZA
mon,CHN
mon,CZE
mon,JPN
mon,KOR
mon,MNG
mon,RUS
mos,BFA
mos,CIV
mos,GHA
mro,BRN
mro,IDN
mro,MYS
mro,PHL
msk,HND
msk,NIC
mtn,ALB
mtn,ARG
mtn,AUS
mtn,BIH
mtn,BRA
mtn,CAN
mtn,HRV
mtn,ITA
mtn,MKD
mtn,MTN
mtn,SRB
mtn,SVN
mtn,TUR
mtz,MEX
mun,IND
muo,VNM
mus,USA
mwl,PRT
mwr,IND
mya,HND
mya,NIC
mye,GAB
myn,BLZ
myn,GTM
myn,HND
myn,MEX
myn,SLV
myv,RUS
nag,IND
nag,MMR
nah,MEX
nai,CAN
nai,USA
nam,BWA
nam,NAM
nam,ZAF
nap,ITA
nau,NRU
nav,USA
nax,CHN
nba,SDN
nbl,ZAF
nca,CRI
nca,GTM
nca,HND
nca,MEX
nca,PAN
nca,NIC
nca,SLV
nde,BWA
nde,ZWE
ndo,AGO
ndo,NAM
nep,ARE
nep,AUS
nep,BTN
nep,CAN
nep,CHN
nep,GBR
nep,IND
nep,JPN
nep,KOR
nep,MMR
nep,MYS
nep,NPL
nep,PAK
nep,QAT
nep,SAU
nep,USA
ner,ETH
ner,SDN
new,BTN
new,CHN
new,IND
new,NPL
ngn,CAF
ngn,COD
ngn,COG
ngo,MWI
ngo,TZA
ngo,ZMB
nia,IDN
nib,COG
nir,COG
niu,NIU
nkm,GAB
nng,CHN
nng,VNM
nog,BGR
nog,KAZ
nog,POL
nog,ROM
nog,RUS
nog,TUR
nog,UKR
nog,UZB
nor,AUS
nor,BRA
nor,CAN
nor,GBR
nor,NOR
nor,SWE
nor,USA
nso,ZAF
nub,EGY
nub,SDN
nur,AFG
nuu,CHN
nya,MOZ
nya,MWI
nya,ZMB
nya,ZWE
nyk,MWI
nyk,TZA
nym,TZA
nyn,UGA
nyo,UGA
nze,ARE
nze,AUS
nze,CAN
nze,DEU
nze,FRA
nze,GBR
nze,IRL
nze,JPN
nze,NLD
nze,NZL
nze,USA
nzi,CIV
nzi,GHA
oci,ESP
oci,FRA
oci,ITA
oci,MCO
ogo,NGA
oji,CAN
oji,USA
oki,JPN
ori,IND
orm,AUS
orm,CAN
orm,DEU
orm,DJI
orm,EGY
orm,ETH
orm,GBR
orm,KEN
orm,SAU
orm,SOM
orm,USA
orm,YEM
oru,GAB
osa,USA
oss,AZE
oss,GEO
oss,KAZ
oss,RUS
oss,SYR
oss,TJK
oss,TKM
oss,UKR
oss,UZB
oto,MEX
ova,AGO
ova,NAM
paa,IDN
paa,PNG
pac,FJI
pac,FSM
pac,KIR
pac,NRU
pac,NZL
pac,PLW
pac,USA
pag,PHL
pal,ARE
pal,AUS
pal,CAN
pal,CHL
pal,COL
pal,DEU
pal,EGY
pal,GBR
pal,ISR
pal,IRQ
pal,JOR
pal,KWT
pal,LBN
pal,MEX
pal,PAK
pal,PER
pal,QAT
pal,SAU
pal,SLV
pal,SWE
pal,SYR
pal,USA
pal,YEM
pam,CAN
pam,PHL
pam,USA
pan,ARE
pan,CAN
pan,CHN
pan,GBR
pan,IND
pan,MYS
pan,PAK
pan,RUS
pan,SAU
pan,USA
pan,ZAF
pap,ABW
pap,NLD
par,ARG
par,BOL
par,BRA
par,CHL
par,ESP
par,PRY
par,URY
par,USA
pau,PLW
per,AFG
per,ARE
per,AUS
per,BEL
per,BHR
per,CAN
per,CHN
per,DEU
per,FRA
per,GBR
per,GRC
per,IND
per,IRN
per,ISR
per,ITA
per,JPN
per,KGZ
per,KOR
per,KWT
per,NOR
per,OMN
per,PAK
per,QAT
per,RUS
per,SWE
per,TJK
per,TUR
per,UZB
per,ZAF
phu,LAO
pnm,COL
pnm,CRI
pnm,GTM
pnm,HND
pnm,NIC
pnm,PAN
pol,AUT
pol,AUS
pol,BLR
pol,CAN
pol,CZE
pol,DEU
pol,ESP
pol,FIN
pol,FRA
pol,GRC
pol,IRL
pol,ISL
pol,ITA
pol,KAZ
pol,LTU
pol,LVA
pol,MDA
pol,NLD
pol,NOR
pol,POL
pol,ROM
pol,RUS
pol,SWE
pol,UKR
pol,USA
pol,ZAF
pom,ALB
pom,BGR
pom,GRC
pom,MKD
pom,TUR
pon,FSM
por,AGO
por,AUS
por,BEL
por,BRA
por,CAN
por,CHE
por,ESP
por,FRA
por,GBR
por,GUY
por,LUX
por,MOZ
por,PRT
por,USA
por,VEN
por,ZAF
ppl,GNB
pru,BOL
pru,BRA
pru,CHL
pru,ECU
pru,PER
pru,PRY
pru,USA
psh,AFG
pum,CHN
pus,AFG
pus,ARE
pus,CAN
pus,GBR
pus,IND
pus,IRN
pus,MYS
pus,PAK
pus,SGP
pus,USA
qia,CHN
qiz,AFG
qiz,IND
qiz,PAK
que,ARG
que,BOL
que,CHL
que,COL
que,ECU
que,PER
raj,IND
ran,IND
ran,NPL
rap,CHL
rar,COK
rar,NZL
roh,CHE
rom,BGR
rom,BIH
rom,CZE
rom,ESP
rom,FRA
rom,GBR
rom,GRC
rom,HRV
rom,HUN
rom,MKD
rom,POL
rom,ROM
rom,RUS
rom,SVK
rom,TUR
rum,AUS
rum,AUT
rum,CAN
rum,DEU
rum,ESP
rum,FRA
rum,GBR
rum,GRC
rum,HUN
rum,KAZ
rum,MDA
rum,ROM
rum,RUS
rum,SRB
rum,SWE
rum,UKR
rum,USA
run,BDI
rup,ALB
rup,BGR
rup,GRC
rup,MKD
rup,ROM
rup,SRB
rus,ARM
rus,AUS
rus,BLR
rus,BRA
rus,CAN
rus,CHN
rus,EST
rus,FIN
rus,GBR
rus,GEO
rus,ISR
rus,ITA
rus,KAZ
rus,KGZ
rus,LTU
rus,LVA
rus,MDA
rus,RUS
rus,TJK
rus,TKM
rus,UKR
rus,USA
rus,UZB
sad,TZA
sag,CAF
sag,COD
sag,TCD
sah,CAN
sah,CHN
sah,RUS
sah,UKR
sah,USA
sal,CAN
sal,USA
sar,CAF
sar,TCD
sas,IDN
sat,IDN
sat,SDN
scn,ITA
sco,ARG
sco,AUS
sco,CAN
sco,CHL
sco,GBR
sco,NZL
sco,USA
sel,RUS
sen,MWI
she,CHN
shl,SDN
shn,KHM
shn,MMR
shn,THA
shy,SDN
sid,ETH
sin,AUS
sin,CAN
sin,GBR
sin,IND
sin,ITA
sin,LKA
sin,MYS
sin,NZL
sin,SGP
sin,USA
sio,CAN
sio,USA
sla,BIH
sla,BLR
sla,CZE
sla,HRV
sla,MKD
sla,MTN
sla,POL
sla,RUS
sla,SRB
sla,SVK
sla,SVN
sla,UKR
slo,AUS
slo,AUT
slo,BEL
slo,CAN
slo,CZE
slo,DEU
slo,FRA
slo,GBR
slo,HRV
slo,HUN
slo,IRL
slo,POL
slo,ROM
slo,SRB
slo,SVK
slo,UKR
slr,CHN
slv,ARG
slv,AUT
slv,BEL
slv,BIH
slv,BRA
slv,CAN
slv,CHE
slv,DEU
slv,FRA
slv,HUN
slv,NLD
slv,ITA
slv,SRB
slv,SVN
slv,URY
slv,USA
smi,FIN
smi,NOR
smi,RUS
smi,SWE
smo,AUS
smo,NZL
smo,USA
smo,WSM
sna,MOZ
sna,ZWE
snd,CHN
snd,IND
snd,PAK
snk,GHA
snk,GMB
snk,GNB
snk,MLI
snk,MRT
snk,SEN
som,ARE
som,CAN
som,DJI
som,DNK
som,ETH
som,GBR
som,KEN
som,SAU
som,SOM
som,SWE
som,USA
som,YEM
son,MLI
son,NER
sot,LSO
sot,ZAF
spa,ARG
spa,AUS
spa,BRA
spa,CHE
spa,CUB
spa,DEU
spa,ESP
spa,FRA
spa,GBR
spa,MEX
spa,PER
spa,URY
spa,VEN
srd,ARG
srd,DEU
srd,ITA
srd,USA
srn,SUR
srp,ALB
srp,BIH
srp,CHE
srp,DEU
srp,DNK
srp,FRA
srp,GBR
srp,GRC
srp,HRV
srp,HUN
srp,ITA
srp,MKD
srp,MTN
srp,ROM
srp,RUS
srp,SRB
srp,SVN
srp,SWE
srp,TUR
srp,USA
srr,GMB
srr,MRT
srr,SEN
ssw,LSO
ssw,MOZ
ssw,SWZ
ssw,ZAF
sui,CHN
sui,VNM
suk,TZA
sus,GIN
sus,SEN
sus,SLE
sus,MLI
swa,TZA
swa,KEN
swa,MOZ
swa,COM
swe,AUS
swe,CAN
swe,DEU
swe,DNK
swe,ESP
swe,FIN
swe,FRA
swe,GBR
swe,ITA
swe,NOR
swe,SWE
swf,CHE
swt,CHE
tab,RUS
tah,PYF
tai,CHN
tai,LAO
tai,MMR
tai,THA
tai,VNM
tam,IND
tam,LKA
tam,MYS
tat,AZE
tat,BLR
tat,CHN
tat,EST
tat,FIN
tat,GEO
tat,KAZ
tat,LTU
tat,LVA
tat,MDA
tat,POL
tat,ROM
tat,RUS
tat,TJK
tat,TKM
tat,TUR
tat,UKR
tat,USA
tat,UZB
taw,HND
tay,VNM
tel,IND
tem,SLE
ter,BRA
tes,KEN
tes,UGA
tet,AUS
tet,IDN
tet,PRT
tet,TMP
tgk,AFG
tgk,CAN
tgk,CHN
tgk,DEU
tgk,IRN
tgk,KGZ
tgk,PAK
tgk,QAT
tgk,RUS
tgk,TJK
tgk,UZB
tgk,USA
tgl,PHL
tha,AUS
tha,CHN
tha,FRA
tha,JPN
tha,KHM
tha,LAO
tha,MMR
tha,MYS
tha,SGP
tha,THA
tha,VNM
tha,USA
tib,BTN
tib,CAN
tib,CHE
tib,CHN
tib,IND
tib,NPL
tib,USA
tig,ERI
tig,SDN
tir,DJI
tir,ERI
tir,ETH
tir,ISR
tir,ITA
tir,SDN
tir,YEM
tiv,CMR
tiv,NGA
tkl,TKL
tli,CAN
tli,USA
tmh,BFA
tmh,DZA
tmh,LBY
tmh,MLI
tmh,NER
tms,SDN
tms,TCD
tog,MOZ
tog,MWI
tog,ZMB
ton,TON
tor,UGA
tou,LBY
tou,NER
tou,SDN
tou,TCD
tpi,PNG
tra,MDA
tra,RUS
tri,BGD
tri,IND
trn,IDN
tsi,CAN
tsi,USA
tsn,BWA
tsn,ZAF
tso,MOZ
tso,SWZ
tso,ZAF
tso,ZWE
tts,BDI
tts,COD
tts,RWA
tuj,CHN
tuk,AFG
tuk,IRN
tuk,IRQ
tuk,SYR
tuk,TKM
tum,MWI
tum,TZA
tum,ZMB
tup,ARG
tup,BRA
tup,PRY
tup,URY
tur,AUS
tur,AUT
tur,AZE
tur,BEL
tur,BGR
tur,BIH
tur,CAN
tur,CHE
tur,CYP
tur,DEU
tur,DNK
tur,EGY
tur,FRA
tur,GBR
tur,GRC
tur,IRQ
tur,KAZ
tur,LBN
tur,MKD
tur,NLD
tur,ROM
tur,RUS
tur,SAU
tur,SWE
tur,SYR
tur,TUR
tur,USA
tuu,CHN
tvl,TUV
twi,CIV
twi,GHA
twn,AUS
twn,CAN
twn,CHN
twn,JPN
twn,KOR
twn,PHL
twn,SGP
tyv,CHN
tyv,MNG
tyv,RUS
udm,RUS
uig,CHN
uig,KAZ
uig,KGZ
uig,RUS
ukr,ARG
ukr,ARM
ukr,AZE
ukr,BLR
ukr,EST
ukr,GEO
ukr,GRC
ukr,ITA
ukr,KAZ
ukr,KGZ
ukr,LTU
ukr,LVA
ukr,MDA
ukr,POL
ukr,RUS
ukr,UKR
ukr,USA
umb,AGO
urd,IND
urd,PAK
uzb,AFG
uzb,CHN
uzb,KGZ
uzb,MNG
uzb,PAK
uzb,RUS
uzb,TKM
uzb,TJK
uzb,USA
uzb,UZB
vaa,CHN
vaa,MMR
vai,LBR
vai,SLE
ven,ZAF
ven,ZWE
vie,AUS
vie,CAN
vie,CHN
vie,CZE
vie,FIN
vie,FRA
vie,JPN
vie,KHM
vie,LAO
vie,MYS
vie,NLD
vie,NOR
vie,PHL
vie,POL
vie,RUS
vie,THA
vie,USA
vie,VNM
vil,COG
vnz,CAN
vnz,COL
vnz,ESP
vnz,GBR
vnz,USA
vnz,VEN
vot,EST
vot,RUS
wak,CAN
wal,ETH
war,CAN
war,DEU
war,PHL
war,USA
was,USA
wel,ARG
wel,AUS
wel,CAN
wel,GBR
wel,IRL
wel,NZL
wel,USA
wen,DEU
whi,ARG
whi,AUS
whi,BRA
whi,CAN
whi,CHL
whi,CRI
whi,CUB
whi,DEU
whi,MEX
whi,MLI
whi,NAM
whi,PER
whi,URY
whi,USA
wln,ARG
wln,BEL
wln,BRA
wln,USA
wol,GMB
wol,MRT
wol,SEN
xal,CHN
xal,MNG
xal,RUS
xho,ZAF
xib,CHN
xnc,GTM
yao,MWI
yap,FSM
yor,BEN
yor,GHA
yor,NGA
yor,TGO
ypk,RUS
ypk,USA
yug,CHN
zag,SDN
zag,TCD
zap,MEX
zay,SAU
zay,YEM
zen,MAR
zen,MRT
zha,CHN
znd,CAF
znd,COD
znd,SDN
zom,BGD
zom,IND
zom,MMR
zul,ZAF
zun,USA
zza,DEU
zza,GEO
zza,KAZ
zza,NLD
zza,TUR
